Мельникова Ксения Витальевна;8-910-635-99-09;melnikova@mail.ru;75048533257
Иванова София Ивановна;8-998-439-06-56;ivanovax@google.com;10756913327
Бурашкаева Юлия Сергеевна;8-921-073-30-83;burashkayeva@mail.ru;48237858435
Фурсова Елизавета Владимировна;8-970-401-08-92;fursova@yandex.ru;91179923806
Сапсай Иван Алексеевич;8-960-210-29-89;sapsay@mail.ru;43212632997
Богословский Артем Михайлович;8-958-300-71-53;bogoslovskiy@google.com;17718604217
Самбикина Юлия Владимировна;8-902-244-04-16;sambikina@google.com;55875113301
Шпак Максим Евгеньевич;8-946-300-49-08;shpak@yandex.ru;26504473716
Пименов Валерий Романович;8-935-104-01-84;pimenov@mail.ru;47941581552
Сигида Елизавета Александровна;8-934-240-44-58;sigida@mail.ru;51740244773
Миронова Анастасия Вячеславовна;8-923-323-43-60;mironova@google.com;25942421589
Безуглова Мария Егоровна;8-977-308-54-39;bezuglova@mail.ru;46950956781
Сергеева Милена Сергеевна;8-902-340-88-98;sergeyeva@yandex.ru;86792943514
Перфильев Виктор Борисович;8-954-189-21-37;perfilyev@yandex.ru;87457862601
Химич Елена Георгиевна;8-953-272-95-66;khimich@google.com;43964354128
Бондин Никита Денисович;8-902-055-00-60;bondin@mail.ru;52288185160
Лебедева Алина Николаевна;8-953-688-18-91;lebedeva@mail.ru;81940992618
Мощева Ирина Юрьевна;8-946-793-40-75;moshcheva@google.com;11339185689
Моругин Павел Дмитриевич;8-942-401-01-04;morugin@google.com;41076282880
Прокопенко Артем Артемович;8-957-044-65-19;prokopenko@yandex.ru;14575829833